{"cameraMode":{"drawMode":0,"name":"Shaded","section":"Shading Mode"},"sceneLighting":true,"audioPlay":false,"sceneViewState":{"showFog":true,"showMaterialUpdate":false,"showSkybox":true,"showFlares":true,"showImageEffects":true,"showParticleSystems":true},"in2DMode":false,"pivot":{"x":-3.5264968872070314,"y":-2.813383102416992,"z":-3.6019086837768556},"rotation":{"x":0.3084411025047302,"y":-0.644381046295166,"z":0.31917604804039,"w":0.6227090358734131},"size":21.24249839782715,"orthographic":false}