{"cameraMode":{"drawMode":0,"name":"Shaded","section":"Shading Mode"},"sceneLighting":true,"audioPlay":false,"sceneViewState":{"showFog":true,"showMaterialUpdate":false,"showSkybox":true,"showFlares":true,"showImageEffects":true,"showParticleSystems":true},"in2DMode":false,"pivot":{"x":1.174217700958252,"y":1.2358644008636475,"z":-1.4344319105148316},"rotation":{"x":0.23458127677440644,"y":-0.04081397131085396,"z":0.00985860824584961,"w":0.9711923003196716},"size":6.3839216232299809,"orthographic":true}