{"cameraMode":{"drawMode":0,"name":"Shaded","section":"Shading Mode"},"sceneLighting":true,"audioPlay":false,"sceneViewState":{"showFog":true,"showMaterialUpdate":false,"showSkybox":true,"showFlares":true,"showImageEffects":true,"showParticleSystems":true},"in2DMode":false,"pivot":{"x":-0.9974732398986816,"y":-1.257741928100586,"z":2.2926621437072756},"rotation":{"x":-0.14792512357234956,"y":0.809779703617096,"z":-0.2309364378452301,"w":-0.5186993479728699},"size":12.02605152130127,"orthographic":false}